[
  {
    "name": "5-HTP",
    "category": "Sleep & Recovery",
    "use_case": "Serotonin support",
    "tier": "Orange",
    "dose_typical": "100–200 mg",
    "evidence_quality": "Moderate",
    "price_aed": 167,
    "subscription_discount_percent": 15,
    "discounted_price_aed": 141.95
  },
  {
    "name": "Agmatine",
    "category": "Endurance",
    "use_case": "Pre-workout pump",
    "tier": "Green",
    "dose_typical": "250–500 mg",
    "evidence_quality": "Moderate",
    "price_aed": 80,
    "subscription_discount_percent": 20,
    "discounted_price_aed": 64.0
  },
  {
    "name": "Alpha-GPC",
    "category": "Cognitive Support",
    "use_case": "Memory & cognition",
    "tier": "Green",
    "dose_typical": "300–600 mg",
    "evidence_quality": "Strong",
    "price_aed": 123,
    "subscription_discount_percent": 18,
    "discounted_price_aed": 100.86
  },
  {
    "name": "Apigenin",
    "category": "Sleep & Recovery",
    "use_case": "Sleep onset",
    "tier": "Green",
    "dose_typical": "50 mg",
    "evidence_quality": "Emerging",
    "price_aed": 108,
    "subscription_discount_percent": 16,
    "discounted_price_aed": 90.72
  },
  {
    "name": "Apple Cider Vinegar (ACV)",
    "category": "Metabolism",
    "use_case": "Post-meal glucose control",
    "tier": "Moderate",
    "dose_typical": "500–1000 mg",
    "evidence_quality": "Moderate",
    "price_aed": 65,
    "subscription_discount_percent": 16,
    "discounted_price_aed": 54.6
  },
  {
    "name": "Artichoke Extract",
    "category": "Hormonal Support",
    "use_case": "Bile flow support",
    "tier": "Orange",
    "dose_typical": "320–640 mg",
    "evidence_quality": "Moderate",
    "price_aed": 151,
    "subscription_discount_percent": 21,
    "discounted_price_aed": 119.29
  },
  {
    "name": "Ashwagandha",
    "category": "Stress & Mood",
    "use_case": "Adaptogen, stress resilience",
    "tier": "Green",
    "dose_typical": "300–600 mg",
    "evidence_quality": "Strong",
    "price_aed": 152,
    "subscription_discount_percent": 23,
    "discounted_price_aed": 117.04
  },
  {
    "name": "Astaxanthin",
    "category": "Longevity",
    "use_case": "Antioxidant skin & eye health",
    "tier": "Green",
    "dose_typical": "4–12 mg",
    "evidence_quality": "Moderate",
    "price_aed": 167,
    "subscription_discount_percent": 16,
    "discounted_price_aed": 140.28
  },
  {
    "name": "Bacopa Monnieri",
    "category": "Cognitive Support",
    "use_case": "Memory & learning",
    "tier": "Green",
    "dose_typical": "300–600 mg",
    "evidence_quality": "Strong",
    "price_aed": 159,
    "subscription_discount_percent": 23,
    "discounted_price_aed": 122.43
  },
  {
    "name": "Berberine",
    "category": "Metabolism",
    "use_case": "Insulin sensitivity, metabolism",
    "tier": "Green",
    "dose_typical": "500 mg 2x/day",
    "evidence_quality": "Strong",
    "price_aed": 142,
    "subscription_discount_percent": 21,
    "discounted_price_aed": 112.18
  },
  {
    "name": "Beta-Alanine",
    "category": "Endurance",
    "use_case": "Muscle endurance",
    "tier": "Green",
    "dose_typical": "3–6 g",
    "evidence_quality": "Strong",
    "price_aed": 134,
    "subscription_discount_percent": 23,
    "discounted_price_aed": 103.18
  },
  {
    "name": "Betaine Anhydrous",
    "category": "Hypertrophy",
    "use_case": "Strength, muscle growth",
    "tier": "Green",
    "dose_typical": "2.5 g",
    "evidence_quality": "Moderate",
    "price_aed": 120,
    "subscription_discount_percent": 20,
    "discounted_price_aed": 96.0
  },
  {
    "name": "Caffeine + L-Theanine",
    "category": "Focus & Energy",
    "use_case": "Alertness with calm focus",
    "tier": "Green",
    "dose_typical": "100 mg + 200 mg",
    "evidence_quality": "Strong",
    "price_aed": 75,
    "subscription_discount_percent": 20,
    "discounted_price_aed": 60.0
  },
  {
    "name": "Calcium Citrate",
    "category": "General Health",
    "use_case": "Bone support",
    "tier": "Green",
    "dose_typical": "500–1000 mg",
    "evidence_quality": "Strong",
    "price_aed": 62,
    "subscription_discount_percent": 16,
    "discounted_price_aed": 52.08
  },
  {
    "name": "Calcium D-Glucarate",
    "category": "Hormonal Support",
    "use_case": "Supports estrogen detoxification",
    "tier": "Green",
    "dose_typical": "200–300 mg",
    "evidence_quality": "Moderate",
    "price_aed": 100,
    "subscription_discount_percent": 16,
    "discounted_price_aed": 84.0
  },
  {
    "name": "Casein Protein",
    "category": "Sleep & Recovery",
    "use_case": "Slow-digesting night-time protein",
    "tier": "Green",
    "dose_typical": "25–30 g",
    "evidence_quality": "Strong",
    "price_aed": 170,
    "subscription_discount_percent": 22,
    "discounted_price_aed": 132.6
  },
  {
    "name": "Choline Bitartrate",
    "category": "Cognitive Support",
    "use_case": "Neurotransmitter synthesis",
    "tier": "Green",
    "dose_typical": "500–1000 mg",
    "evidence_quality": "Moderate",
    "price_aed": 117,
    "subscription_discount_percent": 18,
    "discounted_price_aed": 95.94
  },
  {
    "name": "Chromium Picolinate",
    "category": "Metabolism",
    "use_case": "Blood sugar regulation",
    "tier": "Green",
    "dose_typical": "200 mcg",
    "evidence_quality": "Moderate",
    "price_aed": 70,
    "subscription_discount_percent": 15,
    "discounted_price_aed": 59.5
  },
  {
    "name": "Citicoline",
    "category": "Focus & Energy",
    "use_case": "Cognitive performance, motivation",
    "tier": "Green",
    "dose_typical": "250–500 mg",
    "evidence_quality": "Moderate",
    "price_aed": 110,
    "subscription_discount_percent": 25,
    "discounted_price_aed": 82.5
  },
  {
    "name": "CoQ10",
    "category": "Longevity",
    "use_case": "Mitochondrial function",
    "tier": "Green",
    "dose_typical": "100–200 mg",
    "evidence_quality": "Moderate",
    "price_aed": 147,
    "subscription_discount_percent": 16,
    "discounted_price_aed": 123.48
  },
  {
    "name": "Conjugated Linoleic Acid (CLA)",
    "category": "Metabolism",
    "use_case": "Fat oxidation, lean mass support",
    "tier": "Orange",
    "dose_typical": "3–6 g",
    "evidence_quality": "Moderate",
    "price_aed": 130,
    "subscription_discount_percent": 20,
    "discounted_price_aed": 104.0
  },
  {
    "name": "Cordyceps",
    "category": "Sleep & Recovery",
    "use_case": "Oxygen uptake",
    "tier": "Green",
    "dose_typical": "250–500 mg",
    "evidence_quality": "Moderate",
    "price_aed": 110,
    "subscription_discount_percent": 23,
    "discounted_price_aed": 84.7
  },
  {
    "name": "Creatine Monohydrate",
    "category": "Hypertrophy",
    "use_case": "Muscle growth, performance",
    "tier": "Green",
    "dose_typical": "5 g",
    "evidence_quality": "Strong",
    "price_aed": 166,
    "subscription_discount_percent": 19,
    "discounted_price_aed": 134.46
  },
  {
    "name": "Curcumin",
    "category": "Longevity",
    "use_case": "Inflammation control",
    "tier": "Green",
    "dose_typical": "500–1000 mg",
    "evidence_quality": "Moderate",
    "price_aed": 176,
    "subscription_discount_percent": 24,
    "discounted_price_aed": 133.76
  },
  {
    "name": "D-Aspartic Acid",
    "category": "Hormonal Support",
    "use_case": "Male fertility and testosterone support",
    "tier": "Orange",
    "dose_typical": "2000–3000 mg",
    "evidence_quality": "Moderate",
    "price_aed": 100,
    "subscription_discount_percent": 17,
    "discounted_price_aed": 83.0
  },
  {
    "name": "DHEA",
    "category": "Hormonal Support",
    "use_case": "Hormonal precursor",
    "tier": "Orange",
    "dose_typical": "5–25 mg",
    "evidence_quality": "Moderate",
    "price_aed": 92,
    "subscription_discount_percent": 20,
    "discounted_price_aed": 73.6
  },
  {
    "name": "DIM",
    "category": "Hormonal Support",
    "use_case": "Estrogen metabolism",
    "tier": "Orange",
    "dose_typical": "100–200 mg",
    "evidence_quality": "Moderate",
    "price_aed": 135,
    "subscription_discount_percent": 24,
    "discounted_price_aed": 102.6
  },
  {
    "name": "Digestive Enzyme Blend",
    "category": "Gut Health",
    "use_case": "Supports digestion and reduces bloating",
    "tier": "Green",
    "dose_typical": "1–2 caps/meal",
    "evidence_quality": "Moderate",
    "price_aed": 75,
    "subscription_discount_percent": 16,
    "discounted_price_aed": 63.0
  },
  {
    "name": "Essential Amino Acids (EAA)",
    "category": "Hypertrophy",
    "use_case": "Muscle protein synthesis",
    "tier": "Green",
    "dose_typical": "6–10 g",
    "evidence_quality": "Strong",
    "price_aed": 150,
    "subscription_discount_percent": 15,
    "discounted_price_aed": 127.5
  },
  {
    "name": "Fenugreek",
    "category": "Hormonal Support",
    "use_case": "Libido & testosterone",
    "tier": "Orange",
    "dose_typical": "250 mg",
    "evidence_quality": "Moderate",
    "price_aed": 119,
    "subscription_discount_percent": 23,
    "discounted_price_aed": 91.63
  },
  {
    "name": "Fisetin",
    "category": "Longevity",
    "use_case": "Senolytic antioxidant",
    "tier": "Orange",
    "dose_typical": "100–200 mg",
    "evidence_quality": "Emerging",
    "price_aed": 145,
    "subscription_discount_percent": 20,
    "discounted_price_aed": 116.0
  },
  {
    "name": "GABA",
    "category": "Sleep & Recovery",
    "use_case": "Calm & GABAergic",
    "tier": "Orange",
    "dose_typical": "100–500 mg",
    "evidence_quality": "Moderate",
    "price_aed": 147,
    "subscription_discount_percent": 17,
    "discounted_price_aed": 122.01
  },
  {
    "name": "Ginger Extract",
    "category": "Gut Health",
    "use_case": "Digestive aid",
    "tier": "Orange",
    "dose_typical": "200–400 mg",
    "evidence_quality": "Moderate",
    "price_aed": 118,
    "subscription_discount_percent": 18,
    "discounted_price_aed": 96.76
  },
  {
    "name": "Glucocare",
    "category": "Metabolism",
    "use_case": "Herbal glucose support (Gymnema, Fenugreek, Berberine)",
    "tier": "Orange",
    "dose_typical": "500 mg 2x/day",
    "evidence_quality": "Moderate",
    "price_aed": 110,
    "subscription_discount_percent": 19,
    "discounted_price_aed": 89.1
  },
  {
    "name": "Glutathione",
    "category": "Liver Support",
    "use_case": "Liver detoxification",
    "tier": "Orange",
    "dose_typical": "250–500 mg",
    "evidence_quality": "Moderate",
    "price_aed": 61,
    "subscription_discount_percent": 22,
    "discounted_price_aed": 47.58
  },
  {
    "name": "Glycine",
    "category": "Sleep & Recovery",
    "use_case": "Glycine pathway",
    "tier": "Green",
    "dose_typical": "500 mg",
    "evidence_quality": "Strong",
    "price_aed": 121,
    "subscription_discount_percent": 19,
    "discounted_price_aed": 98.01
  },
  {
    "name": "Holy Basil",
    "category": "Adaptogen",
    "use_case": "Stress resilience, mood regulation",
    "tier": "Green",
    "dose_typical": "300–600 mg",
    "evidence_quality": "Moderate",
    "price_aed": 85,
    "subscription_discount_percent": 15,
    "discounted_price_aed": 72.25
  },
  {
    "name": "Huperzine A",
    "category": "Cognitive Support",
    "use_case": "Focus enhancer",
    "tier": "Orange",
    "dose_typical": "50–200 mcg",
    "evidence_quality": "Moderate",
    "price_aed": 119,
    "subscription_discount_percent": 16,
    "discounted_price_aed": 99.96
  },
  {
    "name": "Inositol",
    "category": "Cognitive Support",
    "use_case": "Insulin sensitivity",
    "tier": "Green",
    "dose_typical": "1–2 g",
    "evidence_quality": "Moderate",
    "price_aed": 81,
    "subscription_discount_percent": 20,
    "discounted_price_aed": 64.8
  },
  {
    "name": "Iodine + Selenium",
    "category": "General Health",
    "use_case": "Thyroid health support",
    "tier": "Green",
    "dose_typical": "150 mcg + 100 mcg",
    "evidence_quality": "Moderate",
    "price_aed": 70,
    "subscription_discount_percent": 22,
    "discounted_price_aed": 54.6
  },
  {
    "name": "Iron (Ferrous Bisglycinate)",
    "category": "General Health",
    "use_case": "Anemia prevention",
    "tier": "Orange",
    "dose_typical": "18–27 mg",
    "evidence_quality": "Moderate",
    "price_aed": 83,
    "subscription_discount_percent": 19,
    "discounted_price_aed": 67.23
  },
  {
    "name": "L-Citrulline",
    "category": "Endurance",
    "use_case": "Blood flow, pumps",
    "tier": "Green",
    "dose_typical": "6–8 g",
    "evidence_quality": "Strong",
    "price_aed": 134,
    "subscription_discount_percent": 18,
    "discounted_price_aed": 109.88
  },
  {
    "name": "L-Glutamine",
    "category": "Gut Health",
    "use_case": "Gut lining repair and muscle recovery",
    "tier": "Green",
    "dose_typical": "5–10 g",
    "evidence_quality": "Moderate",
    "price_aed": 95,
    "subscription_discount_percent": 23,
    "discounted_price_aed": 73.15
  },
  {
    "name": "L-Taurine",
    "category": "Gut Health",
    "use_case": "Electrolyte balance",
    "tier": "Green",
    "dose_typical": "1000 mg",
    "evidence_quality": "Strong",
    "price_aed": 150,
    "subscription_discount_percent": 24,
    "discounted_price_aed": 114.0
  },
  {
    "name": "L-Theanine",
    "category": "Stress & Mood",
    "use_case": "Anxiety reduction",
    "tier": "Green",
    "dose_typical": "100–200 mg",
    "evidence_quality": "Strong",
    "price_aed": 61,
    "subscription_discount_percent": 22,
    "discounted_price_aed": 47.58
  },
  {
    "name": "L-Tryptophan",
    "category": "Focus & Energy",
    "use_case": "Sleep support",
    "tier": "Green",
    "dose_typical": "500–1000 mg",
    "evidence_quality": "Moderate",
    "price_aed": 106,
    "subscription_discount_percent": 22,
    "discounted_price_aed": 82.68
  },
  {
    "name": "L-Tyrosine",
    "category": "Cognitive Support",
    "use_case": "Stress resilience, alertness",
    "tier": "Green",
    "dose_typical": "500–2000 mg",
    "evidence_quality": "Strong",
    "price_aed": 95,
    "subscription_discount_percent": 15,
    "discounted_price_aed": 80.75
  },
  {
    "name": "Lion’s Mane Mushroom",
    "category": "Cognitive Support",
    "use_case": "Neurogenesis, memory support",
    "tier": "Green",
    "dose_typical": "500–1000 mg",
    "evidence_quality": "Moderate",
    "price_aed": 135,
    "subscription_discount_percent": 20,
    "discounted_price_aed": 108.0
  },
  {
    "name": "Maca Root",
    "category": "Stress & Mood",
    "use_case": "Endocrine balance",
    "tier": "Orange",
    "dose_typical": "15–30 mg",
    "evidence_quality": "Moderate",
    "price_aed": 74,
    "subscription_discount_percent": 19,
    "discounted_price_aed": 59.94
  },
  {
    "name": "Magnesium Glycinate",
    "category": "Sleep & Recovery",
    "use_case": "Deep sleep, muscle relaxation",
    "tier": "Green",
    "dose_typical": "200–400 mg",
    "evidence_quality": "Strong",
    "price_aed": 162,
    "subscription_discount_percent": 21,
    "discounted_price_aed": 127.98
  },
  {
    "name": "Melatonin",
    "category": "Sleep & Recovery",
    "use_case": "Short-term sleep aid",
    "tier": "Orange",
    "dose_typical": "0.5–3 mg",
    "evidence_quality": "Moderate",
    "price_aed": 162,
    "subscription_discount_percent": 23,
    "discounted_price_aed": 124.74
  },
  {
    "name": "Milk Thistle",
    "category": "Liver Support",
    "use_case": "Liver detoxification, antioxidant",
    "tier": "Green",
    "dose_typical": "150–300 mg",
    "evidence_quality": "Moderate",
    "price_aed": 95,
    "subscription_discount_percent": 20,
    "discounted_price_aed": 76.0
  },
  {
    "name": "Multivitamin (Men)",
    "category": "General Health",
    "use_case": "Broad micronutrient support for men",
    "tier": "Green",
    "dose_typical": "1 cap/day",
    "evidence_quality": "Strong",
    "price_aed": 120,
    "subscription_discount_percent": 22,
    "discounted_price_aed": 93.6
  },
  {
    "name": "Multivitamin (Women)",
    "category": "General Health",
    "use_case": "Broad micronutrient support for women",
    "tier": "Green",
    "dose_typical": "1 cap/day",
    "evidence_quality": "Strong",
    "price_aed": 120,
    "subscription_discount_percent": 22,
    "discounted_price_aed": 93.6
  },
  {
    "name": "Myo-Inositol + D-Chiro Inositol",
    "category": "Hormonal Support",
    "use_case": "Female fertility & PCOS support",
    "tier": "Green",
    "dose_typical": "2000+ mg / 50 mg",
    "evidence_quality": "Moderate",
    "price_aed": 140,
    "subscription_discount_percent": 16,
    "discounted_price_aed": 117.6
  },
  {
    "name": "NAC (N-Acetyl Cysteine)",
    "category": "Liver Support",
    "use_case": "Liver antioxidant",
    "tier": "Green",
    "dose_typical": "600–1200 mg",
    "evidence_quality": "Strong",
    "price_aed": 97,
    "subscription_discount_percent": 16,
    "discounted_price_aed": 81.48
  },
  {
    "name": "NMN (Nicotinamide Mononucleotide)",
    "category": "Longevity",
    "use_case": "NAD+ precursor, mitochondrial support",
    "tier": "Green",
    "dose_typical": "250–500 mg",
    "evidence_quality": "Moderate",
    "price_aed": 220,
    "subscription_discount_percent": 20,
    "discounted_price_aed": 176.0
  },
  {
    "name": "Nettle Root",
    "category": "Hormonal Support",
    "use_case": "Free testosterone regulator",
    "tier": "Orange",
    "dose_typical": "250–500 mg",
    "evidence_quality": "Moderate",
    "price_aed": 85,
    "subscription_discount_percent": 21,
    "discounted_price_aed": 67.15
  },
  {
    "name": "Nicotinamide Riboside (NR)",
    "category": "Longevity",
    "use_case": "Boosts NAD+, cellular repair",
    "tier": "Green",
    "dose_typical": "300–500 mg",
    "evidence_quality": "Moderate",
    "price_aed": 210,
    "subscription_discount_percent": 25,
    "discounted_price_aed": 157.5
  },
  {
    "name": "Omega-3 (EPA/DHA)",
    "category": "General Health",
    "use_case": "Heart & brain health",
    "tier": "Green",
    "dose_typical": "1000 mg",
    "evidence_quality": "Strong",
    "price_aed": 120,
    "subscription_discount_percent": 21,
    "discounted_price_aed": 94.8
  },
  {
    "name": "PQQ",
    "category": "Longevity",
    "use_case": "Mitochondrial biogenesis support",
    "tier": "Orange",
    "dose_typical": "10–20 mg",
    "evidence_quality": "Moderate",
    "price_aed": 160,
    "subscription_discount_percent": 22,
    "discounted_price_aed": 124.8
  },
  {
    "name": "Peppermint Oil",
    "category": "Gut Health",
    "use_case": "Bloating relief",
    "tier": "Green",
    "dose_typical": "0.2–0.4 mL",
    "evidence_quality": "Moderate",
    "price_aed": 101,
    "subscription_discount_percent": 22,
    "discounted_price_aed": 78.78
  },
  {
    "name": "Phenylpiracetam",
    "category": "Cognitive Support",
    "use_case": "Focus, cognitive endurance",
    "tier": "Orange",
    "dose_typical": "100–200 mg",
    "evidence_quality": "Emerging",
    "price_aed": 180,
    "subscription_discount_percent": 25,
    "discounted_price_aed": 135.0
  },
  {
    "name": "Prebiotic Fiber (Inulin/FOS)",
    "category": "Gut Health",
    "use_case": "Feeds healthy gut bacteria",
    "tier": "Green",
    "dose_typical": "3–5 g",
    "evidence_quality": "Strong",
    "price_aed": 55,
    "subscription_discount_percent": 24,
    "discounted_price_aed": 41.8
  },
  {
    "name": "Probiotics",
    "category": "Gut Health",
    "use_case": "Digestive health",
    "tier": "Green",
    "dose_typical": "5–10 billion CFU",
    "evidence_quality": "Strong",
    "price_aed": 146,
    "subscription_discount_percent": 16,
    "discounted_price_aed": 122.64
  },
  {
    "name": "Quercetin",
    "category": "Longevity",
    "use_case": "Senolytic support, inflammation",
    "tier": "Green",
    "dose_typical": "500 mg",
    "evidence_quality": "Moderate",
    "price_aed": 80,
    "subscription_discount_percent": 15,
    "discounted_price_aed": 68.0
  },
  {
    "name": "Reishi Mushroom",
    "category": "Adaptogen",
    "use_case": "Immunity, calming",
    "tier": "Green",
    "dose_typical": "100–200 mg",
    "evidence_quality": "Moderate",
    "price_aed": 167,
    "subscription_discount_percent": 23,
    "discounted_price_aed": 128.59
  },
  {
    "name": "Resveratrol",
    "category": "Longevity",
    "use_case": "Cellular anti-aging",
    "tier": "Orange",
    "dose_typical": "150–500 mg",
    "evidence_quality": "Moderate",
    "price_aed": 148,
    "subscription_discount_percent": 24,
    "discounted_price_aed": 112.48
  },
  {
    "name": "Rhodiola Rosea",
    "category": "Stress & Mood",
    "use_case": "Cortisol regulation, fatigue",
    "tier": "Green",
    "dose_typical": "200–400 mg",
    "evidence_quality": "Strong",
    "price_aed": 111,
    "subscription_discount_percent": 18,
    "discounted_price_aed": 91.02
  },
  {
    "name": "Saffron Extract",
    "category": "Sleep & Recovery",
    "use_case": "Mood enhancer",
    "tier": "Green",
    "dose_typical": "500–1000 mg",
    "evidence_quality": "Emerging",
    "price_aed": 121,
    "subscription_discount_percent": 16,
    "discounted_price_aed": 101.64
  },
  {
    "name": "Selenium",
    "category": "General Health",
    "use_case": "Antioxidant defense",
    "tier": "Green",
    "dose_typical": "55–200 mcg",
    "evidence_quality": "Moderate",
    "price_aed": 112,
    "subscription_discount_percent": 21,
    "discounted_price_aed": 88.48
  },
  {
    "name": "Shilajit",
    "category": "Hormonal Support",
    "use_case": "Mitochondria & vitality",
    "tier": "Orange",
    "dose_typical": "1500–3000 mg",
    "evidence_quality": "Emerging",
    "price_aed": 139,
    "subscription_discount_percent": 22,
    "discounted_price_aed": 108.42
  },
  {
    "name": "TUDCA",
    "category": "Liver Support",
    "use_case": "Bile flow, liver enzyme support",
    "tier": "Orange",
    "dose_typical": "250–500 mg",
    "evidence_quality": "Emerging",
    "price_aed": 160,
    "subscription_discount_percent": 25,
    "discounted_price_aed": 120.0
  },
  {
    "name": "Theobromine",
    "category": "Adaptogen",
    "use_case": "Cognitive stimulant",
    "tier": "Green",
    "dose_typical": "2–3 g",
    "evidence_quality": "Strong",
    "price_aed": 121,
    "subscription_discount_percent": 24,
    "discounted_price_aed": 91.96
  },
  {
    "name": "Tongkat Ali",
    "category": "Hormonal Support",
    "use_case": "Testosterone support",
    "tier": "Orange",
    "dose_typical": "200–400 mg",
    "evidence_quality": "Moderate",
    "price_aed": 74,
    "subscription_discount_percent": 17,
    "discounted_price_aed": 61.42
  },
  {
    "name": "Tribulus Terrestris",
    "category": "Hormonal Support",
    "use_case": "Libido and testosterone support",
    "tier": "Orange",
    "dose_typical": "500–1000 mg",
    "evidence_quality": "Moderate",
    "price_aed": 90,
    "subscription_discount_percent": 22,
    "discounted_price_aed": 70.2
  },
  {
    "name": "Tyrosine",
    "category": "Cognitive Support",
    "use_case": "Cognitive & dopamine",
    "tier": "Green",
    "dose_typical": "500–1000 mg",
    "evidence_quality": "Moderate",
    "price_aed": 89,
    "subscription_discount_percent": 18,
    "discounted_price_aed": 72.98
  },
  {
    "name": "Uridine Monophosphate",
    "category": "Cognitive Support",
    "use_case": "Synaptic function, memory retention",
    "tier": "Green",
    "dose_typical": "250–500 mg",
    "evidence_quality": "Moderate",
    "price_aed": 120,
    "subscription_discount_percent": 20,
    "discounted_price_aed": 96.0
  },
  {
    "name": "Vitamin B12",
    "category": "General Health",
    "use_case": "Energy metabolism",
    "tier": "Green",
    "dose_typical": "500–1000 mcg",
    "evidence_quality": "Strong",
    "price_aed": 163,
    "subscription_discount_percent": 24,
    "discounted_price_aed": 123.88
  },
  {
    "name": "Vitamin D3",
    "category": "General Health",
    "use_case": "Immune support, bone health",
    "tier": "Green",
    "dose_typical": "2000–4000 IU",
    "evidence_quality": "Strong",
    "price_aed": 131,
    "subscription_discount_percent": 17,
    "discounted_price_aed": 108.73
  },
  {
    "name": "Vitamin K2 (MK-7)",
    "category": "General Health",
    "use_case": "Calcium utilization",
    "tier": "Green",
    "dose_typical": "90–200 mcg",
    "evidence_quality": "Moderate",
    "price_aed": 81,
    "subscription_discount_percent": 18,
    "discounted_price_aed": 66.42
  },
  {
    "name": "Whey Protein Isolate",
    "category": "Hypertrophy",
    "use_case": "Fast-digesting recovery protein",
    "tier": "Green",
    "dose_typical": "25–30 g",
    "evidence_quality": "Strong",
    "price_aed": 180,
    "subscription_discount_percent": 20,
    "discounted_price_aed": 144.0
  },
  {
    "name": "Zinc Carnosine",
    "category": "Gut Health",
    "use_case": "Gut lining protection and ulcer support",
    "tier": "Green",
    "dose_typical": "75 mg",
    "evidence_quality": "Moderate",
    "price_aed": 95,
    "subscription_discount_percent": 20,
    "discounted_price_aed": 76.0
  },
  {
    "name": "Zinc Picolinate",
    "category": "Hormonal Support",
    "use_case": "Hormonal balance",
    "tier": "Green",
    "dose_typical": "15–30 mg",
    "evidence_quality": "Strong",
    "price_aed": 80,
    "subscription_discount_percent": 19,
    "discounted_price_aed": 64.8
  }
]
